[{"id":"user-image-300304.png","publicUrl":"np://user.desktop.nicepage.com/Site_2501413634/images/300304.png","size":4958,"hash":"i8jnpUuWlSznFVQLW1kyNn/LJgg=","fileName":"300304.png","name":"300304","width":128,"height":128,"thumbnail":{"url":"np://user.desktop.nicepage.com/Site_2501413634/images/thumbnails/300304.png","width":128,"height":128,"length":4958,"type":"png"},"folderId":null,"usages":["3725596"]},{"id":"user-image-9853.jpg","publicUrl":"np://user.desktop.nicepage.com/Site_2501413634/images/9853.jpg","size":1278261,"hash":"szPTtCrE0n26wRDwPk7b07R+sCk=","fileName":"9853.jpg","name":"9853","width":2000,"height":1333,"thumbnail":{"url":"np://user.desktop.nicepage.com/Site_2501413634/images/thumbnails/9853.jpg","width":250,"height":167},"folderId":null,"originalUrl":"https://assets.nicepagecdn.com/11a8ddce/6297244/images/9853.jpg","usages":["50726975"]},{"id":"user-image-9858.jpg","publicUrl":"np://user.desktop.nicepage.com/Site_2501413634/images/9858.jpg","size":1103760,"hash":"v3tdvfeA6AqTY0AfHxqvrBHBJZI=","fileName":"9858.jpg","name":"9858","width":2000,"height":1334,"thumbnail":{"url":"np://user.desktop.nicepage.com/Site_2501413634/images/thumbnails/9858.jpg","width":250,"height":167},"folderId":null,"originalUrl":"https://assets.nicepagecdn.com/11a8ddce/6297244/images/9858.jpg","usages":["50726975"]},{"id":"user-image-dc131cb6618a9e508a6674b26648108720bdb040b36ef7db1d536a2184a41c88942223ef219fa3b66b8cab09254bac9b580b728dbd3bac121d014a_1280.jpg","publicUrl":"np://user.desktop.nicepage.com/Site_2501413634/images/dc131cb6618a9e508a6674b26648108720bdb040b36ef7db1d536a2184a41c88942223ef219fa3b66b8cab09254bac9b580b728dbd3bac121d014a_1280.jpg","size":142780,"hash":"6csVLfTk51grUODOvtJsykGCO6c=","fileName":"dc131cb6618a9e508a6674b26648108720bdb040b36ef7db1d536a2184a41c88942223ef219fa3b66b8cab09254bac9b580b728dbd3bac121d014a_1280.jpg","name":"dc131cb6618a9e508a6674b26648108720bdb040b36ef7db1d536a2184a41c88942223ef219fa3b66b8cab09254bac9b580b728dbd3bac121d014a_1280","width":1280,"height":914,"thumbnail":{"url":"np://user.desktop.nicepage.com/Site_2501413634/images/thumbnails/dc131cb6618a9e508a6674b26648108720bdb040b36ef7db1d536a2184a41c88942223ef219fa3b66b8cab09254bac9b580b728dbd3bac121d014a_1280.jpg","width":250,"height":179},"folderId":null,"usages":["50726975"]},{"id":"user-image-3014006.png","publicUrl":"np://user.desktop.nicepage.com/Site_2501413634/images/3014006.png","size":2243,"hash":"M3mth1IAKWEbFhEM80W001XnLp8=","fileName":"3014006.png","name":"3014006","width":128,"height":128,"thumbnail":{"url":"np://user.desktop.nicepage.com/Site_2501413634/images/thumbnails/3014006.png","width":128,"height":128,"length":2243,"type":"png"},"folderId":null,"usages":[]},{"id":"user-image-logo_markam.png","publicUrl":"np://user.desktop.nicepage.com/Site_2501413634/images/logo_markam.png","size":17967,"hash":"brwG4gZ/F4mm89llF0YMu7CK3uE=","fileName":"logo_markam.png","name":"logo_markam","width":326,"height":76,"thumbnail":{"url":"np://user.desktop.nicepage.com/Site_2501413634/images/thumbnails/logo_markam.png","width":250,"height":58},"folderId":null,"usages":[]}]