[{"id":1693000523,"title":"Blog Template","order":1,"templateKey":"blog","customTemplate":false,"customTemplateFilename":null,"pageLinks":["6","5","4"],"dateCreated":"2024-08-19T11:27:45.276Z","dateUpdated":"2024-08-19T11:27:46.787Z","folderId":null,"pageName":"Blog Template","serverPageId":null,"sectionCount":1,"status":2,"backwardUrl":null},{"id":181710055,"title":"Post Template","order":2,"templateKey":"post","customTemplate":false,"customTemplateFilename":null,"pageLinks":[],"dateCreated":"2024-08-19T11:27:45.387Z","dateUpdated":"2024-08-19T11:27:46.787Z","folderId":null,"pageName":"Post Template","serverPageId":null,"sectionCount":1,"status":2,"backwardUrl":null},{"id":821920684,"title":"Product List Template","order":3,"templateKey":"products","customTemplate":false,"customTemplateFilename":null,"pageLinks":["493802634"],"dateCreated":"2024-08-19T11:27:45.503Z","dateUpdated":"2024-10-08T09:25:15.068Z","folderId":null,"pageName":"Product List Template","serverPageId":null,"sectionCount":1,"status":2,"backwardUrl":null},{"id":40281754,"title":"Product Details Template","order":4,"templateKey":"product","customTemplate":false,"customTemplateFilename":null,"pageLinks":["493802634"],"dateCreated":"2024-08-19T11:27:45.714Z","dateUpdated":"2024-10-08T09:14:54.507Z","folderId":null,"pageName":"Product Details Template","serverPageId":null,"sectionCount":1,"status":2,"backwardUrl":null},{"id":572029298,"title":"Shopping Cart Template","order":5,"templateKey":"cart","customTemplate":false,"customTemplateFilename":null,"pageLinks":["493802634"],"dateCreated":"2024-08-19T11:27:45.922Z","dateUpdated":"2024-10-08T09:10:36.343Z","folderId":null,"pageName":"Shopping Cart Template","serverPageId":null,"sectionCount":1,"status":2,"backwardUrl":null},{"id":32120251,"title":"Checkout Template","order":6,"templateKey":"checkout","customTemplate":false,"customTemplateFilename":null,"pageLinks":[],"dateCreated":"2024-08-19T11:27:46.115Z","dateUpdated":"2024-08-19T11:27:46.788Z","folderId":null,"pageName":"Checkout Template","serverPageId":null,"sectionCount":1,"status":2,"backwardUrl":null},{"id":686313617,"title":"Login Template","order":7,"templateKey":"login","customTemplate":false,"customTemplateFilename":null,"pageLinks":[],"dateCreated":"2024-08-19T11:27:46.222Z","dateUpdated":"2024-08-19T11:27:46.788Z","folderId":null,"pageName":"Login Template","serverPageId":null,"sectionCount":1,"status":2,"backwardUrl":null},{"id":598510855,"title":"Search Page Template","order":8,"templateKey":"Search","customTemplate":false,"customTemplateFilename":null,"pageLinks":["6","5","4"],"dateCreated":"2024-02-19T04:56:09.722Z","dateUpdated":"2024-02-19T04:56:09.863Z","folderId":null,"pageName":"Search Page Template","serverPageId":null,"sectionCount":1,"status":2,"backwardUrl":null},{"id":44373907,"title":"Page Password Template","order":9,"templateKey":"password","customTemplate":false,"customTemplateFilename":null,"pageLinks":[],"dateCreated":"2024-08-19T11:27:46.289Z","dateUpdated":"2024-08-19T11:27:46.788Z","folderId":null,"pageName":"Page Password Template","serverPageId":null,"sectionCount":1,"status":2,"backwardUrl":null},{"id":99058626,"title":"404 Not Found Template","order":10,"templateKey":"404","customTemplate":false,"customTemplateFilename":null,"pageLinks":[],"dateCreated":"2024-08-19T11:27:46.355Z","dateUpdated":"2024-08-19T11:27:46.789Z","folderId":null,"pageName":"404 Not Found Template","serverPageId":null,"sectionCount":1,"status":2,"backwardUrl":null},{"id":3650742,"title":"Thank You Page Template","order":11,"templateKey":"ThankYou","customTemplate":false,"customTemplateFilename":null,"pageLinks":[],"dateCreated":"2024-08-19T11:27:46.410Z","dateUpdated":"2024-08-19T11:27:46.789Z","folderId":null,"pageName":"Thank You Page Template","serverPageId":null,"sectionCount":1,"status":2,"backwardUrl":null},{"id":778504422,"title":"Home","order":50,"templateKey":null,"customTemplate":false,"customTemplateFilename":null,"pageLinks":["493802634"],"dateCreated":"2024-08-19T11:27:47.515Z","dateUpdated":"2024-10-08T09:16:07.638Z","folderId":null,"pageName":"Home_778504422","serverPageId":null,"sectionCount":1,"status":2,"backwardUrl":null},{"id":50726975,"title":"About","order":100,"templateKey":null,"customTemplate":false,"customTemplateFilename":null,"pageLinks":["493802634"],"dateCreated":"2024-08-19T11:27:46.454Z","dateUpdated":"2024-10-08T09:16:50.758Z","folderId":null,"pageName":"About_50726975","serverPageId":null,"sectionCount":1,"status":2,"backwardUrl":null},{"id":3042527110,"title":"Contact","order":101,"templateKey":null,"customTemplate":false,"customTemplateFilename":null,"pageLinks":["493802634"],"dateCreated":"2024-08-19T11:27:46.492Z","dateUpdated":"2024-10-08T09:16:15.659Z","folderId":null,"pageName":"Contact_3042527110","serverPageId":null,"sectionCount":1,"status":2,"backwardUrl":null},{"id":3725596,"title":"Urunler","order":102,"templateKey":null,"customTemplate":false,"customTemplateFilename":null,"pageLinks":["493802634"],"dateCreated":"2024-10-08T08:21:54.187Z","dateUpdated":"2024-10-17T04:24:21.515Z","folderId":null,"pageName":"Urunler_3725596","serverPageId":null,"sectionCount":2,"status":2,"backwardUrl":null}]